1,payment-GW,DEUx,login,1716694515979,payment-GWYyNb,77,200,400
1,bankGW,a51c,login,1716694471772,bankGWX9Re,3,200,500
1,payment-GW,u4ln,login,1716694899848,payment-GWJk5D,34,200,400
1,payment-GW,6HxJ,register,1716694686538,payment-GWW26q,3,200,401
1,bankGW,JIha,login,1716694878465,bankGWqMtC,83,200,401
1,transaction-service,Km02,login,1716694727145,transaction-servicePLGX,8,200,500
1,payment-GW,7Gav,login,1716694772163,payment-GWvFH0,86,200,400
1,bankGW,HCgM,login,1716694797180,bankGWUQ9G,99,200,500
1,bankGW,1Pmj,login,1716694577473,bankGWEPeC,39,200,403
1,bankGW,5Xrz,register,1716694874717,bankGWp6JW,28,200,403
1,payment-GW,zN7L,register,1716694831486,payment-GWUZ4C,51,200,500
1,bankGW,0DT2,login,1716694998500,bankGW4MHI,83,200,500
1,bankGW,YWaY,register,1716694792568,bankGWHI7C,19,200,401
1,payment-GW,6t0Y,login,1716694649500,payment-GW1oA7,19,200,401
1,transaction-service,cblw,login,1716694806706,transaction-servicew0QT,84,200,500
1,bankGW,fxoS,login,1716695010959,bankGW4ueq,32,200,400
1,bankGW,B3be,register,1716694661510,bankGWTrMx,46,200,500
1,bankGW,iFQg,register,1716694882027,bankGW8dJy,50,200,403
1,payment-GW,5aFa,register,1716694614599,payment-GW67My,16,200,403
1,bankGW,Lt4c,login,1716695012652,bankGWPEoA,94,200,403
1,payment-GW,XGhP,register,1716694819760,payment-GWYE2P,97,200,500
1,bankGW,YC1I,login,1716694773649,bankGWBJFn,22,200,500
1,transaction-service,0D3W,login,1716694497856,transaction-servicennJK,4,200,401
1,transaction-service,aMXq,login,1716694696223,transaction-servicexyya,90,200,400
1,payment-GW,Oeh7,register,1716694642044,payment-GWszbh,86,200,401
1,transaction-service,rU9G,register,1716694417236,transaction-serviceDC3v,29,200,401
1,transaction-service,mIuu,login,1716694696056,transaction-serviceJjKK,62,200,401
1,bankGW,L7cf,login,1716694727404,bankGWgBGG,3,200,403
1,transaction-service,Noq3,login,1716694515040,transaction-serviceuJoq,81,200,401
1,bankGW,VpjM,login,1716694472338,bankGWnXUm,84,200,403
1,bankGW,8WLH,login,1716694622481,bankGWa5li,27,200,500
1,payment-GW,DxAQ,login,1716694647689,payment-GWZy6Y,37,200,403
1,transaction-service,ruhT,register,1716694873055,transaction-serviceGTpT,42,200,401
1,transaction-service,j65t,login,1716694936521,transaction-servicecQuO,75,200,401
1,transaction-service,n91h,register,1716694595764,transaction-serviceX7Re,10,200,500
1,bankGW,xjth,register,1716694502856,bankGWunKB,62,200,403
1,payment-GW,3wPC,login,1716694587195,payment-GWiH9c,62,200,401
1,transaction-service,jZhU,login,1716694807916,transaction-serviceYmCG,47,200,403
1,transaction-service,R77p,register,1716694500090,transaction-serviceXMW0,59,200,500
1,payment-GW,0HCY,login,1716694759141,payment-GWh70c,15,200,500
1,bankGW,SdGP,register,1716694539468,bankGWvFze,43,200,400
1,transaction-service,7iDb,login,1716695005029,transaction-service8aDu,2,200,500
1,payment-GW,pxhv,login,1716694886893,payment-GW9ues,44,200,500
1,bankGW,DN67,login,1716694869367,bankGW5KQX,78,200,403
1,bankGW,kpk9,login,1716694779509,bankGW7RSa,40,200,403
1,payment-GW,p8qp,register,1716694724338,payment-GWROEf,9,200,400
1,transaction-service,Zj1K,register,1716694648440,transaction-serviceKSXq,41,200,500
1,payment-GW,hIwO,register,1716694863229,payment-GWCxIX,60,200,403
1,payment-GW,nSre,login,1716694533051,payment-GWAQ9A,46,200,401
1,bankGW,rTrn,register,1716694644709,bankGWGE7h,77,200,401
1,payment-GW,sH0y,login,1716694654819,payment-GWNVpb,74,200,500
1,payment-GW,Urzd,login,1716694450954,payment-GWn7dX,4,200,400
1,bankGW,tf1v,login,1716694498494,bankGWubLo,81,200,403
1,transaction-service,mjiI,register,1716694580864,transaction-serviceWqEF,82,200,401
1,transaction-service,UkMi,register,1716694519355,transaction-servicehlX2,70,200,400
1,payment-GW,LUuh,register,1716694452179,payment-GWItPv,51,200,400
1,bankGW,jqtK,register,1716694642822,bankGWRiWO,60,200,403
1,transaction-service,vKRB,register,1716695011377,transaction-serviceWhvs,3,200,403
1,payment-GW,nchC,login,1716694756064,payment-GWq8Vp,3,200,500
1,payment-GW,z1lc,login,1716694689634,payment-GWX5ig,17,200,401
1,payment-GW,dtCr,login,1716694537733,payment-GWnxSj,95,200,500
1,transaction-service,XMKm,login,1716694504692,transaction-servicegz2K,65,200,401
1,payment-GW,NKpv,login,1716694689951,payment-GW4kfo,96,200,400
1,transaction-service,tHRl,register,1716694489757,transaction-service2xDo,73,200,500
1,transaction-service,Hs9w,register,1716694902433,transaction-serviceW2Mc,47,200,401
1,payment-GW,q0X5,login,1716694790800,payment-GWwK6D,32,200,500
1,payment-GW,HAyA,login,1716694949057,payment-GWGhqy,52,200,401
1,payment-GW,8Qpz,login,1716694975931,payment-GW3vq4,59,200,403
1,transaction-service,Y5ol,register,1716694831478,transaction-servicemKIJ,7,200,400
1,bankGW,Xwtq,login,1716694491380,bankGWEf1J,16,200,403
1,payment-GW,ibW1,register,1716694855278,payment-GWxnRZ,34,200,401
1,payment-GW,errr,register,1716694650571,payment-GWhV0d,37,200,401
1,bankGW,Qjhh,login,1716695014113,bankGWMVEt,85,200,400
1,transaction-service,KpMX,register,1716694988085,transaction-serviceFo3X,72,200,401
1,bankGW,FdqD,login,1716694847664,bankGWKkXC,52,200,500
1,bankGW,sEf8,register,1716694996774,bankGWHlwe,10,200,403
1,transaction-service,vnIi,login,1716694883388,transaction-service99S6,55,200,403
1,payment-GW,eyTt,register,1716694839535,payment-GWKXSH,4,200,400
1,payment-GW,VIyj,login,1716694543522,payment-GWpj5c,30,200,401
1,transaction-service,6O4Q,login,1716694506240,transaction-servicejO9H,63,200,401
1,transaction-service,Jc71,register,1716694965432,transaction-serviceDlxS,16,200,500
1,bankGW,ql7B,register,1716694605562,bankGWD66B,76,200,500
1,bankGW,uG69,register,1716694463846,bankGW6GqU,15,200,401
1,payment-GW,PvZA,login,1716694678795,payment-GWzoyO,36,200,401
1,bankGW,lOqE,login,1716694742083,bankGWPyjG,95,200,401
1,bankGW,DSCy,register,1716694802067,bankGWzhaX,36,200,500
1,payment-GW,KVKK,register,1716694953245,payment-GWsJy2,16,200,401
1,transaction-service,dAUF,login,1716694907347,transaction-servicekHFi,39,200,500
1,transaction-service,Vggv,login,1716694769715,transaction-serviceWFv8,23,200,403
1,payment-GW,YJWH,login,1716694619222,payment-GWuGfv,72,200,500
1,transaction-service,LJdl,login,1716694717667,transaction-servicekmpS,76,200,500
1,payment-GW,h690,login,1716694758755,payment-GWwR2n,23,200,500
1,transaction-service,w7O3,register,1716694533933,transaction-service0qQn,73,200,500
1,transaction-service,EHpV,login,1716694728794,transaction-servicegHYJ,14,200,500
1,payment-GW,dVPn,register,1716694431414,payment-GWsrkf,14,200,400
1,payment-GW,NjuN,register,1716694932437,payment-GWuE6e,55,200,400
1,payment-GW,EtqE,login,1716694415873,payment-GWwQ9i,20,200,400
1,transaction-service,MG87,login,1716694462959,transaction-servicemliA,23,200,403
1,transaction-service,XQFC,login,1716694521533,transaction-servicedNNe,42,200,403
1,bankGW,XAid,login,1716694547393,bankGWG2Nb,99,200,400
1,bankGW,4b7G,register,1716694642400,bankGWMnIy,81,200,400
1,transaction-service,xMAn,login,1716694667969,transaction-service8l28,26,200,500
1,transaction-service,7vJU,login,1716694537071,transaction-servicepw4R,95,200,500
1,transaction-service,uBB3,login,1716694588811,transaction-service8AC5,92,200,401
1,payment-GW,hsEm,login,1716694977326,payment-GW17lW,72,200,401
1,payment-GW,AzwQ,login,1716694795726,payment-GWSGRV,49,200,400
1,bankGW,FLF9,register,1716694994518,bankGWKXux,5,200,400
1,transaction-service,cahq,register,1716694419791,transaction-serviceyLF4,50,200,403
1,transaction-service,8vuP,register,1716694513855,transaction-servicecBnr,7,200,500
1,transaction-service,2dbX,register,1716694819724,transaction-servicePNf2,39,200,401
1,transaction-service,Ewlu,register,1716694829688,transaction-servicebRgk,39,200,500
1,bankGW,6TdL,register,1716694463347,bankGWOFL1,67,200,403
1,transaction-service,BVXo,login,1716694569317,transaction-serviceuu3S,59,200,403
1,payment-GW,voH7,login,1716694636259,payment-GWXNO0,10,200,500
1,bankGW,ew83,register,1716694589469,bankGWNBos,45,200,500
1,payment-GW,noAc,register,1716694751372,payment-GWZPm2,17,200,400
1,payment-GW,MByF,register,1716694449067,payment-GWTeCV,43,200,400
1,bankGW,Ofqh,login,1716694742535,bankGWBZf9,78,200,403
1,payment-GW,raTK,register,1716694829808,payment-GWQMel,81,200,401
1,transaction-service,pz48,register,1716694706618,transaction-servicevvAV,47,200,400
1,bankGW,mzaJ,register,1716694615084,bankGW0jO1,78,200,400
1,transaction-service,zoPM,login,1716694919232,transaction-serviceewBL,22,200,401
1,bankGW,GslQ,register,1716694747021,bankGWPXxW,58,200,400
1,transaction-service,pp7F,register,1716695004234,transaction-serviceznlK,39,200,403
1,transaction-service,Wpbw,register,1716694672067,transaction-service5pua,99,200,400
1,payment-GW,3xy5,login,1716694508543,payment-GWy3hZ,93,200,400
1,payment-GW,RLLF,register,1716694770465,payment-GW6aP9,95,200,403
1,bankGW,5tda,register,1716694747594,bankGW46hX,46,200,403
1,bankGW,jKYS,login,1716694757800,bankGW6QM2,46,200,500
1,payment-GW,R9gG,register,1716694938913,payment-GWwQ4C,88,200,400
1,transaction-service,A7EA,login,1716694589171,transaction-serviceG3zt,37,200,400
1,bankGW,yuSI,login,1716694574517,bankGW3kww,69,200,500
1,transaction-service,YtSU,register,1716694684770,transaction-serviceWzRx,63,200,400
1,payment-GW,wy7R,login,1716694850315,payment-GWibMR,90,200,403
1,payment-GW,ndro,login,1716694686663,payment-GWPnYu,25,200,500
1,payment-GW,hjwB,register,1716694881473,payment-GWyhzg,37,200,401
1,bankGW,LZ5Y,login,1716694688990,bankGW8Dgg,98,200,500
1,transaction-service,QnCG,register,1716694537832,transaction-service2z64,55,200,500
1,transaction-service,Kceg,register,1716694976424,transaction-service7OoW,54,200,500
1,bankGW,HuKv,login,1716694510797,bankGWr6VV,70,200,403
1,payment-GW,PLfH,login,1716695002725,payment-GWxp7u,36,200,403
1,transaction-service,5I7L,register,1716694535240,transaction-serviceVtRu,87,200,500
1,transaction-service,CZLt,login,1716694785610,transaction-serviceC5GH,20,200,401
1,payment-GW,MbPJ,register,1716694920433,payment-GWSu5r,87,200,401
1,payment-GW,fgYV,register,1716694617008,payment-GWWhA7,45,200,403
1,payment-GW,rrSL,login,1716694928604,payment-GW0J8t,24,200,400
1,bankGW,cGu7,register,1716694768084,bankGWPkcA,85,200,400
1,payment-GW,IZxk,login,1716694959658,payment-GWk3uF,18,200,500
1,bankGW,jXwb,register,1716694930276,bankGWSDRJ,7,200,400
1,transaction-service,rzru,register,1716694879640,transaction-service70ky,22,200,400
1,payment-GW,rgK7,register,1716694509504,payment-GWy8Xs,54,200,403
1,payment-GW,8WMv,register,1716694497637,payment-GWlKiS,80,200,400
1,bankGW,JSSR,login,1716694424542,bankGWNxUu,83,200,500
1,bankGW,qKQW,login,1716694843818,bankGWtNab,81,200,401
1,payment-GW,Z7d8,register,1716694506474,payment-GWAQtV,2,200,400
1,transaction-service,0hbk,login,1716694578037,transaction-serviceUlrt,27,200,400
1,transaction-service,zjCR,register,1716694566068,transaction-serviceeCa8,49,200,500
1,transaction-service,gMg9,register,1716694494689,transaction-servicerykw,7,200,500
1,transaction-service,U8cZ,login,1716694732717,transaction-servicejTIs,10,200,401
1,bankGW,19co,login,1716694418459,bankGWWLCn,10,200,401
1,payment-GW,UPdD,register,1716694568260,payment-GWznRx,41,200,400
1,bankGW,OUel,login,1716694608867,bankGWNjmQ,20,200,400
1,transaction-service,upNN,login,1716694855791,transaction-servicen7iW,58,200,500
1,transaction-service,ZYDC,register,1716694651444,transaction-serviceRE4A,36,200,401
1,transaction-service,UIPo,register,1716694955372,transaction-servicekj3K,83,200,403
1,bankGW,nTNi,register,1716694577553,bankGW993R,38,200,500
1,payment-GW,jJj4,register,1716694763459,payment-GW55bN,93,200,401
1,bankGW,RxXj,login,1716694792393,bankGWDvT9,13,200,403
1,payment-GW,8VXg,login,1716694886879,payment-GWO6Hj,3,200,400
1,payment-GW,6reX,login,1716694910658,payment-GWCWZ0,40,200,400
1,transaction-service,8Ksg,login,1716694968563,transaction-serviceyMOQ,30,200,401
1,transaction-service,wFHM,register,1716694444221,transaction-servicexdKG,84,200,500
1,bankGW,kALW,login,1716694763805,bankGW4jwm,58,200,500
1,payment-GW,4zl9,login,1716694489182,payment-GWPjP4,91,200,401
1,payment-GW,iGCQ,register,1716694590371,payment-GWYm27,18,200,403
1,transaction-service,BIbB,login,1716694646746,transaction-serviceAFDB,19,200,401
1,bankGW,8OP2,register,1716694475847,bankGWqj2s,35,200,403
1,transaction-service,alBL,login,1716694532132,transaction-serviceVuNr,63,200,401
1,transaction-service,SitC,login,1716694566422,transaction-serviceigDg,57,200,500
1,bankGW,mB01,register,1716695004927,bankGWTIzw,82,200,400
1,bankGW,aILv,register,1716694666072,bankGWfVK7,96,200,403
1,bankGW,pPoo,login,1716694923841,bankGWaDWm,7,200,500
1,transaction-service,AVJl,login,1716694481114,transaction-service5zW9,36,200,400
1,transaction-service,IAFh,register,1716694692144,transaction-serviceaLCa,88,200,400
1,bankGW,zAFo,login,1716694760118,bankGW8vnA,15,200,403
1,transaction-service,TsPa,login,1716694657424,transaction-servicewItZ,27,200,500
1,payment-GW,zNe6,login,1716694689990,payment-GW1PN0,67,200,403
1,payment-GW,XUVU,register,1716694495359,payment-GWkp6p,54,200,401
1,transaction-service,1f0E,register,1716694791084,transaction-serviceSAAO,4,200,403
1,payment-GW,uh9l,register,1716694901818,payment-GWoZAC,12,200,403
1,transaction-service,Ypks,register,1716694496613,transaction-servicehmIy,46,200,403
1,bankGW,0dfg,register,1716694481826,bankGWHy2H,70,200,400
1,payment-GW,OYEl,register,1716694844096,payment-GWRIFY,43,200,400
1,transaction-service,EUCD,register,1716694478576,transaction-serviceouq1,68,200,403
1,bankGW,DUeq,login,1716694805308,bankGWytnj,7,200,500
1,transaction-service,PhLa,login,1716694503448,transaction-serviceu7WM,82,200,400
1,bankGW,1pCW,register,1716694421926,bankGWn8w6,4,200,401
1,payment-GW,KbFx,register,1716694944718,payment-GW6Jnj,31,200,400
1,bankGW,pnkc,register,1716694440558,bankGWlWR8,61,200,500
1,payment-GW,pdYF,login,1716694852221,payment-GW8pgy,55,200,401
1,payment-GW,6uq8,register,1716694807193,payment-GWfGLA,77,200,403
1,transaction-service,IGvp,register,1716694679893,transaction-serviceoiWv,82,200,401
1,payment-GW,6Npg,register,1716694928067,payment-GWuWFH,74,200,401
1,transaction-service,2kvM,login,1716694733689,transaction-servicenUzH,66,200,400
1,transaction-service,L37v,register,1716694885328,transaction-service1ipU,44,200,401
1,transaction-service,N27b,login,1716694577802,transaction-servicegW4V,12,200,500
1,payment-GW,HANF,login,1716694953742,payment-GWPD1v,99,200,403
1,transaction-service,cLHF,register,1716694773958,transaction-service4T98,13,200,500
1,payment-GW,d7Wd,login,1716694807316,payment-GWaxl3,85,200,403
1,transaction-service,YdZd,login,1716694840053,transaction-serviceUnYY,27,200,401
1,payment-GW,K267,login,1716694419890,payment-GWgS0b,43,200,400
1,payment-GW,mTk5,register,1716694744618,payment-GWdACX,15,200,403
1,payment-GW,zWxb,register,1716694700725,payment-GWqq2P,39,200,500
1,transaction-service,A9Zu,register,1716694632001,transaction-serviceFnLY,29,200,500
1,transaction-service,qRFX,login,1716694559050,transaction-serviceGQNk,74,200,400
1,payment-GW,bZjt,login,1716694751991,payment-GWWDRU,95,200,401
1,transaction-service,yCfC,login,1716694686432,transaction-servicelfgE,45,200,500
1,bankGW,f2Ne,login,1716694841840,bankGWKpFc,25,200,400
1,bankGW,YupN,register,1716694552750,bankGWJkS0,69,200,500
1,transaction-service,JVs4,register,1716694980166,transaction-servicegeMF,98,200,500
1,bankGW,F4G7,register,1716695008088,bankGWU1cA,19,200,401
1,payment-GW,pL4j,login,1716694433032,payment-GW9X5M,16,200,500
1,payment-GW,KRBW,login,1716694764247,payment-GWWoyZ,61,200,500
1,bankGW,FGub,register,1716694839356,bankGWz2x9,22,200,500
1,bankGW,UnLr,register,1716694884233,bankGWqU0M,48,200,400
1,payment-GW,UwZ6,login,1716694559941,payment-GWc8YF,51,200,500
1,payment-GW,Cpzs,register,1716695005481,payment-GWjFJB,1,200,400
1,payment-GW,ZMCs,register,1716694981631,payment-GWvty8,12,200,400
1,transaction-service,7ejo,register,1716694926400,transaction-service9z5z,46,200,403
1,bankGW,GPfF,register,1716694584639,bankGWhHqg,54,200,500
1,transaction-service,SvzP,login,1716694842966,transaction-servicemm79,44,200,403
1,bankGW,Cmc6,login,1716694713341,bankGWD7BU,91,200,403
1,bankGW,hwmv,register,1716694689917,bankGWpsnW,19,200,500
1,bankGW,eiE5,register,1716694638432,bankGWIG1y,90,200,401
1,payment-GW,pYUf,login,1716694787493,payment-GWF7IU,16,200,401
1,transaction-service,wBiU,register,1716694986975,transaction-service0bEi,59,200,400
1,bankGW,2jfW,register,1716694594990,bankGWLYlR,2,200,403
1,bankGW,dvKT,register,1716694882377,bankGWGe5f,74,200,403
1,bankGW,YiuH,login,1716694533912,bankGW8M0h,25,200,401
1,transaction-service,eWgH,register,1716694967765,transaction-serviceLimA,49,200,400
1,payment-GW,xBT4,register,1716694961092,payment-GWSvNm,13,200,401
1,bankGW,ybRb,login,1716694747149,bankGWbqNo,27,200,400
1,bankGW,lXem,login,1716694587954,bankGWdxGE,35,200,400
1,payment-GW,WfSv,login,1716694433092,payment-GW60PQ,98,200,500
1,bankGW,Yy9r,login,1716694477349,bankGWJDjm,89,200,500
1,payment-GW,2VPx,login,1716694769553,payment-GWdJ8o,14,200,403
1,bankGW,k6qZ,register,1716694952476,bankGWdu9B,23,200,403
1,payment-GW,TB0Q,login,1716694497621,payment-GWT902,67,200,500
1,payment-GW,gzQZ,login,1716694417927,payment-GWp2Fh,3,200,403
1,bankGW,6ofy,login,1716694440004,bankGWPev9,21,200,400
1,transaction-service,vFtv,login,1716694609452,transaction-serviceS1pT,6,200,403
1,payment-GW,sDy2,register,1716694804771,payment-GWSP12,83,200,401
1,payment-GW,4cr2,register,1716694788258,payment-GWSnbE,66,200,400
1,transaction-service,E3Fn,login,1716694503558,transaction-serviceLRx8,23,200,500
1,transaction-service,6KNk,login,1716694928589,transaction-service1ijr,73,200,500
1,payment-GW,5noY,register,1716694823173,payment-GWwYfe,82,200,401
1,transaction-service,BAzj,login,1716694700490,transaction-servicey59d,39,200,403
1,payment-GW,fIks,login,1716694760734,payment-GWNNYm,17,200,403
1,transaction-service,BrfW,register,1716694966591,transaction-serviceGFmx,56,200,400
1,bankGW,xXwe,register,1716694663365,bankGWpsb2,97,200,403
1,bankGW,IFFM,register,1716694512674,bankGW6KwJ,31,200,400
1,transaction-service,6wSc,register,1716694705758,transaction-servicesQXn,93,200,400
1,payment-GW,AX2N,register,1716694837637,payment-GW4zPh,10,200,500
1,bankGW,f2J1,register,1716694745634,bankGWI82b,87,200,401
1,transaction-service,ebns,register,1716694529011,transaction-servicesa8a,37,200,400
1,bankGW,ofLd,register,1716695013340,bankGWEEjL,18,200,400
1,transaction-service,NiBu,login,1716694644196,transaction-serviceT5Co,17,200,401
1,bankGW,Eblv,login,1716694762059,bankGWqVer,46,200,401
1,bankGW,e9YR,register,1716694968289,bankGWPwtj,91,200,400
1,bankGW,sG68,login,1716694801685,bankGW4gTQ,47,200,500
1,bankGW,nQnG,login,1716694527885,bankGWaane,14,200,500
1,transaction-service,3bZv,register,1716694723104,transaction-serviceYIb4,84,200,500
1,payment-GW,k1re,register,1716694829122,payment-GWgaBK,49,200,500
1,transaction-service,eaXP,login,1716694537766,transaction-serviceiZWp,91,200,500
1,transaction-service,KxVC,login,1716694826274,transaction-serviceVvnJ,64,200,401
1,bankGW,4toU,register,1716694980907,bankGWO07X,17,200,403
1,payment-GW,LFkU,register,1716694430101,payment-GWMxSs,11,200,401
1,payment-GW,nWUI,login,1716694726894,payment-GWNhLs,32,200,500
1,transaction-service,9AuE,register,1716694817243,transaction-serviceq86S,66,200,500
1,bankGW,VZGN,login,1716694988392,bankGWMeU2,74,200,401
1,bankGW,CdcG,register,1716694925591,bankGWPvjT,52,200,400
1,bankGW,67e5,register,1716694825289,bankGWpi3X,80,200,500
1,bankGW,oT4R,login,1716694490318,bankGWN1Cs,29,200,401
1,bankGW,JdDO,login,1716694932595,bankGWwQMU,21,200,401
1,bankGW,CHVE,register,1716694631800,bankGWD6a8,30,200,403
1,transaction-service,JdeV,register,1716694497585,transaction-serviceAmcf,41,200,400
1,payment-GW,zQWJ,register,1716694509781,payment-GWiPRD,51,200,401
1,transaction-service,9jED,register,1716694467034,transaction-serviced1kw,95,200,403
1,transaction-service,462X,register,1716694926961,transaction-serviceVJ1L,74,200,400
1,transaction-service,vdwX,login,1716694920951,transaction-serviceswPL,86,200,500
1,bankGW,mSEF,register,1716694467981,bankGWxwNf,95,200,500
1,transaction-service,Cm1U,register,1716694636805,transaction-servicel77V,84,200,500
1,bankGW,N42t,register,1716694800316,bankGW8fHS,87,200,400
1,transaction-service,0WFH,register,1716694702569,transaction-serviceCU8s,99,200,401
1,transaction-service,Mv9Q,register,1716694884489,transaction-serviceQ7IN,34,200,403
1,transaction-service,9oQJ,login,1716694598603,transaction-service9gcl,70,200,403
1,bankGW,DQGZ,login,1716694838250,bankGWFxTU,24,200,403
1,transaction-service,kjfl,login,1716694631177,transaction-service1QVP,48,200,400
1,payment-GW,XPnC,login,1716694574861,payment-GWUvFl,51,200,401
1,payment-GW,77CW,login,1716694557336,payment-GWrcVd,18,200,403
1,payment-GW,FYLI,register,1716694742165,payment-GWyGTu,44,200,400
1,bankGW,TZnK,login,1716694899629,bankGWFa7z,10,200,500
1,payment-GW,DUbm,login,1716694827322,payment-GWMqrI,57,200,500
1,payment-GW,BK99,login,1716694488389,payment-GWPuRU,18,200,403
1,bankGW,7wkm,login,1716694480188,bankGWhhQw,61,200,401
1,transaction-service,b7XM,login,1716694416830,transaction-serviceqShr,72,200,403
1,bankGW,GPKv,register,1716694586576,bankGWhx1f,19,200,500
1,payment-GW,uoxQ,login,1716694694524,payment-GWsBZA,65,200,400
1,bankGW,ySMh,login,1716694598707,bankGWPaOf,60,200,500
1,payment-GW,3S34,register,1716694582742,payment-GWJL6f,37,200,500
1,bankGW,7St1,register,1716694995990,bankGWN477,63,200,400
1,bankGW,oz9v,login,1716694545484,bankGWQy0H,85,200,401
1,bankGW,rxMh,login,1716694972030,bankGWspfX,66,200,403
1,transaction-service,db64,register,1716694460091,transaction-servicegOPO,72,200,401
1,transaction-service,Imgb,login,1716694514849,transaction-serviceum6v,95,200,403
1,payment-GW,nXLf,register,1716694751188,payment-GWdm1Q,12,200,500
1,payment-GW,jb31,register,1716694817349,payment-GWPCcn,72,200,401
1,payment-GW,CAdu,login,1716694571203,payment-GWQV5O,51,200,400
1,transaction-service,YhlU,login,1716694657016,transaction-servicexOaZ,56,200,401
1,payment-GW,ATyI,login,1716694997205,payment-GWUE84,44,200,403
1,bankGW,2WQ0,register,1716694864104,bankGWIrFL,88,200,403
1,bankGW,yBPp,register,1716694799243,bankGWdRdZ,64,200,403
1,bankGW,xgsB,register,1716694872220,bankGWdL8p,83,200,403
1,transaction-service,KI4u,login,1716694425757,transaction-service5c9L,47,200,500
1,payment-GW,OrV4,register,1716694935545,payment-GWtTWj,65,200,403
1,bankGW,PvTd,register,1716694869148,bankGWSbWI,32,200,400
1,bankGW,9Qfa,register,1716694473837,bankGW3til,81,200,403
1,transaction-service,6tB1,register,1716694584209,transaction-serviceBMVk,4,200,403
1,payment-GW,icwz,register,1716694861900,payment-GWCwIq,51,200,500
1,bankGW,uPz6,register,1716694597920,bankGWsFLt,7,200,401
1,payment-GW,VPQW,login,1716694558508,payment-GWPd26,65,200,401
1,transaction-service,kAv8,login,1716694488484,transaction-serviceVltB,9,200,500
1,transaction-service,zQ2R,login,1716694761271,transaction-serviceqfNl,89,200,500
1,bankGW,OAoW,register,1716694511691,bankGWfcjM,35,200,403
1,payment-GW,SStc,register,1716694820010,payment-GWvOqC,30,200,401
1,bankGW,ijcR,register,1716694491359,bankGWvViU,23,200,401
1,bankGW,Cbdg,register,1716694989084,bankGW0YTU,54,200,400
1,transaction-service,eEHT,login,1716694948944,transaction-service5Wv2,89,200,500
1,bankGW,PhRB,register,1716694671622,bankGWV6Bg,32,200,400
1,transaction-service,pPBl,register,1716694867217,transaction-servicegC8n,81,200,401
1,bankGW,pNRu,login,1716694934825,bankGWnbLu,36,200,400
1,payment-GW,su1x,register,1716694519811,payment-GWYXlM,47,200,500
1,transaction-service,Xz9O,login,1716694571862,transaction-serviceSv5t,57,200,403
1,payment-GW,HkCr,register,1716694644763,payment-GWCxry,80,200,500
1,bankGW,i4uH,login,1716694734951,bankGWMCc4,88,200,403
1,payment-GW,hNSy,login,1716694647191,payment-GW1PKV,2,200,500
1,payment-GW,NZ1C,register,1716694892463,payment-GWNjHQ,42,200,403
1,transaction-service,6vZQ,login,1716694590177,transaction-service35eT,53,200,500
1,transaction-service,8o9W,login,1716694529462,transaction-serviceJMCg,59,200,401
1,payment-GW,uBok,login,1716694874107,payment-GWSUxn,32,200,400
1,bankGW,YYKa,register,1716694617606,bankGW5hty,51,200,500
1,payment-GW,k62V,register,1716694961620,payment-GWKarR,49,200,400
1,bankGW,s01O,register,1716694803164,bankGWEmwz,9,200,500
1,transaction-service,QO0q,register,1716694783960,transaction-serviceqE1B,30,200,500
1,payment-GW,4zXC,register,1716694725371,payment-GW8gwS,5,200,500
1,transaction-service,2P6Q,register,1716694745766,transaction-service8Yvt,15,200,401
1,payment-GW,bjFs,login,1716694970050,payment-GWlDXM,36,200,500
1,payment-GW,x1h9,login,1716694583409,payment-GWpGC3,6,200,401
1,transaction-service,SNsX,register,1716694753724,transaction-service8s70,55,200,401
1,payment-GW,2NjH,login,1716694975120,payment-GWc5fO,55,200,403
1,payment-GW,KL9v,register,1716694502918,payment-GW731a,38,200,401
1,bankGW,0K7Y,register,1716694541022,bankGW2uq3,40,200,403
1,payment-GW,LeOI,register,1716694526539,payment-GWn61X,93,200,403
1,transaction-service,1ezN,register,1716695012040,transaction-servicevQTf,12,200,400
1,bankGW,kWBZ,register,1716694907505,bankGWM4pv,9,200,500
1,transaction-service,YFzk,login,1716694928170,transaction-serviceJMoj,94,200,400
1,bankGW,b6Pj,login,1716694436648,bankGWX7je,28,200,403
1,payment-GW,NdqX,register,1716694565001,payment-GWPuSq,85,200,403
1,transaction-service,zYCd,login,1716695009806,transaction-serviceyfDv,48,200,400
1,transaction-service,Bwwq,register,1716694693334,transaction-service7MGm,82,200,401
1,payment-GW,WlEZ,login,1716694716047,payment-GWPais,53,200,400
1,payment-GW,VKlj,login,1716694734086,payment-GWDULo,69,200,401
1,payment-GW,7k4k,register,1716694979810,payment-GWqgCm,56,200,400
1,transaction-service,ha2a,login,1716694974896,transaction-serviceT3Op,54,200,500
1,bankGW,goSm,register,1716695014183,bankGWyzDw,25,200,401
1,transaction-service,Z3qh,login,1716694686834,transaction-serviceev4A,66,200,400
1,payment-GW,Udpf,register,1716694946429,payment-GWg2Qc,15,200,401
1,transaction-service,Tv3o,register,1716694805014,transaction-service0Q1Y,1,200,401
1,transaction-service,D6vh,register,1716694789955,transaction-serviceBV7O,53,200,500
1,payment-GW,0AVg,login,1716694484212,payment-GWdShp,79,200,403
1,bankGW,abbB,login,1716694551285,bankGW8kJp,52,200,403
1,payment-GW,nOTG,login,1716694448210,payment-GWZ3KH,53,200,401
1,bankGW,keht,register,1716694438920,bankGWkvOO,98,200,500
1,bankGW,EELF,register,1716694913330,bankGWxDwx,68,200,401
1,payment-GW,M0Uc,register,1716694768952,payment-GWfdna,16,200,500
1,bankGW,O0JE,login,1716694710872,bankGWh6hz,94,200,500
1,bankGW,yFM1,register,1716694526643,bankGW3lGy,65,200,403
1,transaction-service,5aOv,login,1716694637053,transaction-service77dJ,22,200,400
1,bankGW,zZLb,register,1716694915142,bankGWV0L1,71,200,500
1,payment-GW,NFoX,login,1716694718374,payment-GWPFX5,93,200,500
1,bankGW,ytRr,login,1716694631107,bankGWEvbB,62,200,500
1,bankGW,clNM,login,1716694494758,bankGWwYnd,4,200,403
1,transaction-service,UB30,register,1716694728708,transaction-serviceDLP9,57,200,401
1,transaction-service,3Fpp,register,1716694845951,transaction-servicebcYH,25,200,500
1,bankGW,JJEH,register,1716694521273,bankGWMfOV,8,200,400
1,transaction-service,BNC1,register,1716694874019,transaction-serviceStOI,76,200,500
1,transaction-service,EiIw,register,1716694862193,transaction-serviceO9qk,85,200,400
1,payment-GW,zR3O,register,1716694441929,payment-GWS909,52,200,400
1,transaction-service,dfLI,login,1716694625025,transaction-serviceV4uF,33,200,400
1,bankGW,cAWn,register,1716694675106,bankGWDsPY,30,200,500
1,bankGW,tpie,login,1716694947136,bankGWUPag,33,200,500
1,bankGW,PDBf,login,1716694630543,bankGWe41D,2,200,400
1,bankGW,aNN6,register,1716694522298,bankGWcJJa,21,200,403
1,transaction-service,reQM,login,1716694594616,transaction-serviceMsvp,26,200,500
1,transaction-service,W0nJ,login,1716694899724,transaction-serviceeDpd,68,200,401
1,bankGW,1V3E,login,1716695006684,bankGWE44n,81,200,500
1,payment-GW,bTdW,login,1716694621400,payment-GWch7y,54,200,400
1,payment-GW,mWew,login,1716694600558,payment-GWfM96,10,200,500
1,transaction-service,opXj,register,1716694820589,transaction-service4azy,74,200,500
1,payment-GW,IyxV,login,1716694870263,payment-GWVzI4,46,200,403
1,transaction-service,BPvz,register,1716694425836,transaction-serviceLFZc,39,200,403
1,transaction-service,ziy7,login,1716694868012,transaction-servicetVcz,45,200,401
1,payment-GW,3XFf,register,1716694668016,payment-GWo1z4,58,200,403
1,transaction-service,Qtt5,register,1716694581510,transaction-serviceFV3a,21,200,400
1,transaction-service,2Ghd,login,1716694702923,transaction-servicebI73,7,200,400
1,payment-GW,VHD5,login,1716694564939,payment-GWXxal,68,200,500
1,payment-GW,YpvY,register,1716694710250,payment-GWvKxM,15,200,403
1,transaction-service,GF5U,register,1716694619977,transaction-servicewmPB,32,200,403
1,bankGW,NHBU,register,1716694584147,bankGWREJy,26,200,403
1,transaction-service,pl3F,login,1716695010433,transaction-serviceZJYW,40,200,403
1,bankGW,NlGi,register,1716694794801,bankGWGKyd,12,200,500
1,bankGW,m00a,register,1716694549303,bankGWCuv9,43,200,400
1,transaction-service,ghsC,register,1716694462926,transaction-service0lQn,57,200,400
1,transaction-service,jXU6,login,1716694802606,transaction-serviceDkp1,25,200,401
1,bankGW,87I9,login,1716694592497,bankGWy7Bx,5,200,500
1,bankGW,cffc,register,1716694622142,bankGWHhU5,47,200,500
1,transaction-service,jnrF,login,1716694814207,transaction-servicecpHm,53,200,400
1,payment-GW,wi3g,login,1716694734158,payment-GWw4jW,84,200,403
1,bankGW,dm9A,register,1716694857185,bankGWTZu6,83,200,500
1,bankGW,dAG5,login,1716694987361,bankGWNvub,88,200,400
1,transaction-service,LGtR,register,1716694858817,transaction-serviceCm92,82,200,500
1,transaction-service,4Y2c,login,1716695011394,transaction-serviceaP4X,34,200,500
1,payment-GW,RjFJ,login,1716694752092,payment-GWee5y,87,200,500
1,payment-GW,lkRS,register,1716694566710,payment-GWWE8x,7,200,400
1,transaction-service,iLqM,login,1716694557009,transaction-serviceOtUi,81,200,403
1,transaction-service,pY8K,register,1716694732035,transaction-serviceJ7qj,87,200,500
1,transaction-service,Z7sg,login,1716694495507,transaction-serviceSt5H,1,200,401
1,payment-GW,NCtp,register,1716694677825,payment-GWoAqH,57,200,400
1,transaction-service,VECV,register,1716694533938,transaction-servicezViW,97,200,403
1,payment-GW,aUor,login,1716694443882,payment-GWFbmg,8,200,400
1,bankGW,LskD,login,1716694678820,bankGWUXrO,83,200,500
1,transaction-service,bLvh,login,1716694802421,transaction-serviceVcfq,40,200,500
1,payment-GW,EOYB,login,1716694631477,payment-GWxKyz,39,200,401
1,payment-GW,Le4m,login,1716694632740,payment-GWcJIr,22,200,500
1,payment-GW,MK2P,register,1716694551890,payment-GWfBmC,50,200,403
1,payment-GW,W2ZQ,register,1716694820627,payment-GWBXe2,84,200,403
1,bankGW,7wCp,login,1716694511836,bankGWHuDp,59,200,401
1,payment-GW,RSwW,register,1716694631931,payment-GWkpUG,17,200,400
1,payment-GW,HbJT,register,1716694457628,payment-GWP9Zb,46,200,500
1,bankGW,gC5o,login,1716694666149,bankGWFbW1,83,200,400
1,transaction-service,2n7H,login,1716694825573,transaction-service56rO,76,200,400
1,payment-GW,V8yO,login,1716694602762,payment-GW0Aoq,46,200,400
1,transaction-service,WPgv,register,1716694853934,transaction-serviceC8ES,34,200,401
1,transaction-service,z6t2,login,1716694575263,transaction-servicehJ8E,58,200,401
1,payment-GW,yeqs,register,1716694533610,payment-GWrWDJ,89,200,400
1,bankGW,dccR,register,1716694487684,bankGWvDjE,45,200,403
1,transaction-service,mzyf,login,1716694517818,transaction-serviceUSjo,7,200,401
1,transaction-service,oR5n,register,1716694714393,transaction-serviceg7o2,94,200,401
1,transaction-service,bTuV,login,1716694918316,transaction-serviceehFW,20,200,500
1,transaction-service,onNB,login,1716694917096,transaction-serviceRMlK,99,200,500
1,payment-GW,SxLT,register,1716694651056,payment-GWEXJm,30,200,500
1,payment-GW,khBb,login,1716694825649,payment-GW0iG4,31,200,403
1,bankGW,tXjH,register,1716694917173,bankGWp27q,67,200,401
1,transaction-service,BIxW,login,1716694616777,transaction-servicewtI4,40,200,400
1,transaction-service,Or7H,register,1716694668623,transaction-serviceGMXN,92,200,400
1,bankGW,NEXx,register,1716694431494,bankGWXsPN,2,200,400
1,transaction-service,5nFy,login,1716694498720,transaction-servicebShQ,36,200,500
1,bankGW,pxxd,register,1716694867522,bankGWqduV,58,200,400
1,transaction-service,XrC6,login,1716694966624,transaction-service8Rbq,68,200,403
1,bankGW,hrLn,login,1716694509466,bankGWzTrO,42,200,500
1,payment-GW,Oj7D,login,1716694582721,payment-GWHNxn,32,200,401
1,payment-GW,zA6J,register,1716694638145,payment-GWnv3T,49,200,500
1,payment-GW,3IbH,register,1716694461514,payment-GWixcz,46,200,403
1,bankGW,NshC,register,1716694921290,bankGWQ3vW,38,200,401
1,payment-GW,14yB,register,1716694471847,payment-GWVbXP,1,200,400
1,transaction-service,Usp2,login,1716694965430,transaction-serviceIKa6,26,200,500
1,payment-GW,rnCH,login,1716694841607,payment-GWc9VI,40,200,500
1,transaction-service,7Qp9,login,1716694987635,transaction-servicemeZG,11,200,500
1,transaction-service,Lcqs,register,1716694557317,transaction-service7UQK,6,200,400
1,transaction-service,ixpG,login,1716694426846,transaction-serviceBY1b,27,200,400
1,transaction-service,E2NJ,register,1716694696186,transaction-serviceXLpP,3,200,403
1,transaction-service,sz9L,login,1716694972649,transaction-serviceKU41,38,200,401
1,bankGW,7F9r,register,1716694742133,bankGWoZah,36,200,500
1,bankGW,xztP,login,1716694996342,bankGWfXHf,61,200,403
1,bankGW,r016,login,1716694881896,bankGWvMcl,96,200,401
1,bankGW,D4sj,login,1716694854809,bankGWKoRI,80,200,403
1,bankGW,ZA4s,login,1716695009889,bankGWb22O,51,200,403
1,bankGW,RFvg,login,1716694442820,bankGWfrlH,61,200,500
1,bankGW,qIEV,login,1716694914954,bankGWm4n5,84,200,500
1,transaction-service,Yc4T,login,1716694476361,transaction-serviceNSgE,43,200,403
1,payment-GW,l1Vr,register,1716694989001,payment-GWERhT,85,200,403
1,transaction-service,Bq02,login,1716694457418,transaction-serviceCq89,6,200,400
1,payment-GW,B9wF,register,1716694948934,payment-GWQvHs,22,200,400
1,transaction-service,q4Z5,register,1716694690417,transaction-serviceFDW0,75,200,400
1,payment-GW,awRz,register,1716694968102,payment-GWLNx1,50,200,400
1,transaction-service,QBCV,register,1716694994639,transaction-servicear2j,50,200,403
1,bankGW,sBeL,register,1716694502276,bankGWrWxH,10,200,500
1,transaction-service,ivD5,login,1716694768061,transaction-service5PR9,78,200,400
1,payment-GW,Lq3Q,register,1716694600757,payment-GWntUn,20,200,500
1,transaction-service,cXkp,register,1716694978514,transaction-service9F6w,63,200,403
1,payment-GW,rIBn,login,1716694784483,payment-GWh5ZA,88,200,403
1,transaction-service,VQFM,register,1716694931814,transaction-servicesaFV,77,200,403
1,transaction-service,Enk0,login,1716694707604,transaction-serviceeJqG,5,200,400
1,payment-GW,czS9,login,1716694763218,payment-GWQoER,2,200,403
1,payment-GW,p4Rz,login,1716694592080,payment-GWV3OP,12,200,500
1,transaction-service,VXlC,login,1716694644534,transaction-serviceoqjI,19,200,400
1,transaction-service,3AAx,register,1716694900371,transaction-service8ALV,91,200,500
1,transaction-service,kCno,register,1716694982465,transaction-servicerfmh,82,200,401
1,bankGW,PBOx,register,1716694419644,bankGW1c2F,36,200,500
1,payment-GW,fF7f,register,1716694557476,payment-GWn0sx,5,200,401
1,bankGW,ceDu,register,1716694604307,bankGWXFms,24,200,403
1,transaction-service,NZJ6,register,1716694629777,transaction-servicePJNV,40,200,500
1,bankGW,viOq,login,1716694622066,bankGWGpMb,3,200,401
1,bankGW,jChS,login,1716694569297,bankGWKSqt,74,200,500
1,bankGW,r2em,register,1716694672976,bankGWlUv7,83,200,500
1,transaction-service,OrKv,register,1716694615137,transaction-serviceWwwa,21,200,400
1,bankGW,ypGO,register,1716694960398,bankGWwN44,75,200,403
1,bankGW,gWC9,register,1716694485028,bankGWs1ta,40,200,400
1,bankGW,GfW6,login,1716694547457,bankGWWh8S,94,200,500
1,transaction-service,qHbC,login,1716694812491,transaction-serviceBrP6,18,200,401
1,transaction-service,H0Uh,login,1716694809551,transaction-service7xws,67,200,500
1,payment-GW,RpAU,register,1716694873166,payment-GWx5fJ,38,200,403
1,bankGW,wqsO,login,1716694555556,bankGWkc6Z,4,200,400
1,transaction-service,S4Lj,login,1716694500563,transaction-servicec0Mt,16,200,403
1,transaction-service,hqJ7,login,1716694996499,transaction-servicem9fz,25,200,401
1,transaction-service,4zjX,login,1716694794145,transaction-serviceo3yE,51,200,400
1,payment-GW,P6Zo,register,1716694591844,payment-GWgyaL,8,200,401
1,bankGW,QLnf,register,1716694705204,bankGW1sDY,25,200,401
1,bankGW,wNGr,register,1716694640105,bankGWczQi,27,200,500
1,bankGW,hoOd,login,1716694818581,bankGWSiVk,99,200,401
1,payment-GW,NQOj,register,1716694854488,payment-GWgvB9,10,200,401
1,bankGW,olVv,login,1716694684558,bankGWthms,84,200,401
1,bankGW,2vgR,login,1716694570246,bankGWdBb0,61,200,500
1,payment-GW,AzhR,register,1716694788894,payment-GWYIVV,86,200,500
1,transaction-service,8Zti,register,1716694640371,transaction-serviceUj6h,80,200,500
1,payment-GW,4ptL,login,1716694855285,payment-GWW6rY,23,200,403
1,bankGW,hENf,login,1716694541918,bankGW9VaF,61,200,403
1,transaction-service,qDXk,register,1716694821746,transaction-serviceNzL7,2,200,401
1,payment-GW,DGog,login,1716694473345,payment-GWdTYa,8,200,400
1,transaction-service,3rFJ,login,1716694764318,transaction-serviceZlFd,12,200,403
1,payment-GW,hFks,register,1716694651291,payment-GWnuk4,28,200,500
1,bankGW,gjfe,register,1716694970465,bankGWc9w4,9,200,401
1,payment-GW,nbUO,login,1716694676626,payment-GWrMiR,59,200,500
1,transaction-service,bJ8l,login,1716694456877,transaction-serviceKXh2,48,200,403
1,bankGW,Rirz,register,1716694464814,bankGWQooU,49,200,403
1,transaction-service,AHu4,login,1716694542680,transaction-servicedOjz,92,200,500
1,bankGW,y920,register,1716695004608,bankGW2eu6,15,200,500
1,bankGW,Pmz8,register,1716694450341,bankGWDobt,18,200,403
1,payment-GW,YVkV,login,1716694726664,payment-GWjxUX,92,200,401
1,bankGW,aYWk,register,1716694980217,bankGWVI7x,10,200,403
1,bankGW,IAI0,register,1716694658579,bankGWkQ7V,74,200,400
1,payment-GW,oDwO,register,1716694488755,payment-GWMKeH,59,200,400
1,transaction-service,xS4i,login,1716694537779,transaction-service5IQU,64,200,400
1,transaction-service,jIXn,login,1716694578784,transaction-serviceiQ4w,79,200,400
1,transaction-service,x22I,register,1716694575880,transaction-serviceN3NH,58,200,500
1,transaction-service,AR2V,register,1716694819613,transaction-serviceZkBi,61,200,401
1,payment-GW,qtJX,login,1716694933953,payment-GWaYKM,8,200,403
1,payment-GW,nRak,register,1716694815100,payment-GWwjl7,56,200,400
1,transaction-service,qsSu,register,1716694587896,transaction-serviceER39,69,200,403
1,payment-GW,2ZBF,login,1716694507218,payment-GWROUH,55,200,400
1,payment-GW,Hy5S,register,1716694894440,payment-GWYNgt,2,200,401
1,transaction-service,kuLV,register,1716694867211,transaction-servicemk4l,86,200,500
1,bankGW,bqyo,login,1716694596698,bankGWp8Yq,72,200,403
1,bankGW,P6c8,register,1716694946323,bankGWb3dv,17,200,401
1,payment-GW,nwOH,register,1716694631477,payment-GWuG2N,61,200,400
1,transaction-service,xqhs,login,1716694541248,transaction-service9XUr,82,200,401
1,payment-GW,tMuV,register,1716694496045,payment-GW1lj6,75,200,400
1,transaction-service,mO2s,register,1716694581833,transaction-servicemNCX,76,200,400
1,payment-GW,X61h,register,1716694711203,payment-GW7Xro,87,200,400
1,bankGW,hIQT,login,1716694741499,bankGWyVHW,20,200,403
1,bankGW,Nd3P,login,1716694782143,bankGWpswa,93,200,403
1,bankGW,f7A9,login,1716694998828,bankGWanEr,51,200,403
1,transaction-service,4qoM,register,1716694588882,transaction-serviceqp45,75,200,500
1,transaction-service,i8ol,register,1716694825511,transaction-servicewIbz,46,200,401
1,bankGW,LYdb,register,1716694591822,bankGWxbdw,23,200,400
1,transaction-service,Opcc,login,1716694507090,transaction-serviceNk90,59,200,500
1,bankGW,Afn1,register,1716694707995,bankGWWZsB,55,200,400
1,transaction-service,T9VJ,login,1716694718204,transaction-serviceFphN,4,200,400
1,transaction-service,DAOb,register,1716694910804,transaction-serviceMWc5,56,200,401
1,payment-GW,8bEV,login,1716694646433,payment-GWoT8V,91,200,401
1,bankGW,8QTt,register,1716694773574,bankGWV4uV,30,200,401
1,bankGW,M728,login,1716694579479,bankGWYe4O,26,200,401
1,bankGW,MCh7,register,1716694429671,bankGW8gHH,65,200,500
1,bankGW,La9U,register,1716694878874,bankGWrH93,52,200,403
1,transaction-service,tehE,register,1716694784483,transaction-serviceSzUv,70,200,401
1,bankGW,wfPy,register,1716694704446,bankGWLfUU,92,200,401
1,payment-GW,fYWP,login,1716694785219,payment-GWyJry,72,200,401
1,transaction-service,HcWN,login,1716694884165,transaction-servicewhOc,64,200,400
1,bankGW,hq7H,register,1716694575100,bankGWZoBO,80,200,400
1,payment-GW,gLDE,register,1716694639356,payment-GWViRl,47,200,400
1,bankGW,vQYL,login,1716694972975,bankGWVmjQ,13,200,500
1,payment-GW,BndJ,login,1716694786819,payment-GWkZio,44,200,403
1,bankGW,j5j9,login,1716694512365,bankGWXKAz,60,200,400
1,transaction-service,Uo2e,register,1716694713178,transaction-serviceIJMU,39,200,500
1,transaction-service,H5qx,register,1716694506626,transaction-servicexQIT,32,200,400
1,payment-GW,VDjE,register,1716694634044,payment-GW8ksK,32,200,401
1,payment-GW,gqgC,register,1716694819548,payment-GW2wva,4,200,403
1,payment-GW,lC1r,register,1716694504583,payment-GWlEcy,41,200,403
1,payment-GW,k4LW,login,1716694675916,payment-GWjNB3,96,200,400
1,transaction-service,7H5i,login,1716694919273,transaction-serviceFN3f,72,200,403
1,bankGW,EWqf,register,1716694683593,bankGWijIU,66,200,400
1,transaction-service,2ISQ,login,1716694912908,transaction-service63z4,25,200,400
1,transaction-service,oL9a,register,1716694944984,transaction-servicedF6H,52,200,500
1,transaction-service,n78B,register,1716694760324,transaction-serviceAFPx,93,200,403
1,transaction-service,iXS0,register,1716694450316,transaction-serviceOaox,33,200,400
1,transaction-service,z8mf,login,1716694706545,transaction-serviceTskc,25,200,403
1,payment-GW,HHF1,register,1716694979539,payment-GWSR5V,68,200,400
1,payment-GW,mJbD,login,1716694606873,payment-GWRpKV,12,200,500
1,bankGW,JMrL,login,1716694593892,bankGWDzHm,67,200,401
1,payment-GW,o5t9,login,1716694805110,payment-GWWLcJ,94,200,500
1,transaction-service,aPX9,login,1716694993046,transaction-serviceLpMn,79,200,401
1,transaction-service,nnOA,register,1716694932911,transaction-servicejRuJ,72,200,500
1,transaction-service,155p,register,1716694903410,transaction-servicePMdx,27,200,403
1,payment-GW,Ibqn,login,1716694450167,payment-GWA0wk,11,200,401
1,payment-GW,LRKG,login,1716694668998,payment-GWB76q,82,200,500
1,bankGW,cDRy,login,1716694973850,bankGWR1Hu,62,200,403
1,bankGW,zvUA,register,1716694858954,bankGW9fwt,44,200,400
1,transaction-service,waj7,login,1716694667107,transaction-serviceOrrb,15,200,403
1,transaction-service,Tyq7,login,1716694535454,transaction-serviceP3JK,62,200,403
1,bankGW,RFW0,login,1716694896038,bankGW5MH9,86,200,400
1,transaction-service,5sjW,login,1716694909936,transaction-servicepobJ,46,200,401
1,transaction-service,jXUx,register,1716694872670,transaction-serviceGEeh,98,200,401
1,payment-GW,PoM1,register,1716694562644,payment-GWCaj6,41,200,500
1,bankGW,93BL,login,1716694851878,bankGWgfFV,71,200,401
1,transaction-service,wrjp,register,1716694543653,transaction-service1zyD,85,200,400
1,bankGW,OAQQ,login,1716694866751,bankGWpoUT,82,200,400
1,transaction-service,irTh,login,1716694443360,transaction-serviceqIVP,92,200,403
1,transaction-service,cynI,login,1716694990886,transaction-serviceg6zc,20,200,400
1,payment-GW,6BYG,register,1716694496806,payment-GWtwfw,8,200,400
1,payment-GW,kDL5,login,1716694604591,payment-GW7J6v,90,200,400
1,transaction-service,qRC6,register,1716694962526,transaction-serviceRwsP,59,200,403
1,bankGW,RTA1,login,1716694973169,bankGWCj5n,17,200,403
1,bankGW,x727,login,1716694574717,bankGWCryl,39,200,403
1,transaction-service,mdzU,register,1716694938403,transaction-servicekM8h,68,200,400
1,transaction-service,NFBW,login,1716694714585,transaction-serviceqX9H,94,200,500
1,transaction-service,Hc0Z,register,1716694897285,transaction-serviceSrdp,72,200,400
1,bankGW,49q9,login,1716694735734,bankGWwV9s,46,200,403
1,transaction-service,ZUKl,login,1716694904123,transaction-serviceNxxc,20,200,400
1,payment-GW,5Gct,register,1716694849133,payment-GWV33V,22,200,400
1,bankGW,WHpD,login,1716694613024,bankGWH1MY,16,200,401
1,transaction-service,q2bV,register,1716694511991,transaction-serviceJSIS,17,200,500
1,transaction-service,Yabm,login,1716694542534,transaction-serviceFDdK,79,200,403
1,payment-GW,t7U4,login,1716694508627,payment-GWHK1I,64,200,403
1,payment-GW,9RTr,register,1716694818413,payment-GW3l9l,80,200,401
1,payment-GW,uXrT,register,1716694449400,payment-GW6tKd,70,200,500
1,payment-GW,mf31,register,1716694438487,payment-GWiFrC,69,200,403
1,payment-GW,NoiZ,register,1716694637053,payment-GWVRWW,93,200,400
1,transaction-service,8jZn,login,1716694470417,transaction-serviceZDnD,7,200,400
1,bankGW,BDQV,login,1716694458966,bankGWDiwb,17,200,403
1,bankGW,V7zQ,login,1716695012810,bankGWcLXk,64,200,401
1,bankGW,5Pue,login,1716694997607,bankGWkLo4,77,200,403
1,bankGW,woJR,login,1716694427997,bankGWnAE6,53,200,403
1,payment-GW,UQzM,register,1716694970697,payment-GWZCYx,61,200,401
1,payment-GW,gpjd,register,1716694787295,payment-GWbThz,99,200,500
1,transaction-service,llPo,login,1716694794806,transaction-servicetRsl,6,200,500
1,transaction-service,P8LN,register,1716694742423,transaction-serviceL1Qo,44,200,403
1,transaction-service,Ldpn,login,1716694774397,transaction-servicej0hc,69,200,403
1,transaction-service,OD7m,register,1716694642615,transaction-service5R4X,29,200,500
1,bankGW,ciRT,register,1716694523838,bankGWEdOU,53,200,401
1,bankGW,Rb8Z,login,1716694583981,bankGWrMVA,64,200,403
1,bankGW,Azk3,register,1716694824514,bankGW98XM,31,200,403
1,bankGW,0shT,login,1716694735029,bankGWWY2j,45,200,403
1,transaction-service,uwHa,login,1716694977325,transaction-serviceJJX7,24,200,403
1,payment-GW,Tdqk,login,1716694803005,payment-GW2Xmf,89,200,500
1,payment-GW,VPtr,register,1716694972843,payment-GWwSVH,3,200,401
1,bankGW,hHte,login,1716694662906,bankGWAl0I,87,200,401
1,bankGW,OTMD,register,1716694430924,bankGW9TUR,61,200,500
1,payment-GW,oRhx,register,1716694421257,payment-GWWwm6,52,200,500
1,transaction-service,eDp0,login,1716694731066,transaction-serviceQARi,14,200,400
1,transaction-service,OPzr,login,1716694424962,transaction-service7y75,96,200,400
1,transaction-service,Rrz2,register,1716694575400,transaction-serviceg4gG,8,200,403
1,payment-GW,Ef37,login,1716694900929,payment-GWB8i0,39,200,403
1,transaction-service,83yD,register,1716694449533,transaction-service8Itr,20,200,400
1,payment-GW,qXZt,register,1716694570148,payment-GWS1tE,97,200,403
1,transaction-service,STE9,register,1716694801173,transaction-service5uQd,93,200,500
1,payment-GW,GdfG,login,1716694561331,payment-GW7Tz6,79,200,403
1,payment-GW,IG1W,register,1716694516292,payment-GW9wjH,84,200,400
1,transaction-service,F2Wq,login,1716694617842,transaction-serviceF9bM,75,200,401
1,payment-GW,ZLv1,login,1716694705176,payment-GWtBAD,19,200,403
1,transaction-service,yYtr,login,1716694626649,transaction-serviceKJ31,63,200,400
1,bankGW,kpH9,login,1716694825265,bankGWyGvW,63,200,500
1,transaction-service,LbAG,register,1716694507184,transaction-service5au1,10,200,400
1,transaction-service,VIfN,register,1716694934761,transaction-serviceo8t4,60,200,500
1,payment-GW,mK1X,login,1716694811077,payment-GWMgSS,57,200,500
1,bankGW,HNR7,register,1716694883060,bankGWi25A,27,200,400
1,payment-GW,44JR,register,1716694838650,payment-GWFj8q,44,200,403
1,payment-GW,FMfc,register,1716694504157,payment-GW0pAx,38,200,400
1,payment-GW,BDqb,login,1716694608433,payment-GW5tZ7,54,200,403
1,payment-GW,SXcx,login,1716695000862,payment-GWdvuj,49,200,401
1,bankGW,QA2t,login,1716694608828,bankGWASb4,59,200,403
1,bankGW,p36u,register,1716694426728,bankGWTArB,5,200,400
1,transaction-service,J7Y5,login,1716694648492,transaction-service6VG7,7,200,400
1,payment-GW,D9eH,login,1716694742298,payment-GWWkze,27,200,500
1,bankGW,Tn1L,login,1716694860884,bankGWFUi8,65,200,401
1,transaction-service,j01U,login,1716694695686,transaction-servicePfec,97,200,401
1,bankGW,UeaS,register,1716694938601,bankGWqUNz,19,200,403
1,payment-GW,AtIR,register,1716694558845,payment-GWJfVU,70,200,400
1,payment-GW,YpSB,register,1716694894093,payment-GWjGnd,85,200,400
1,bankGW,UGjD,login,1716694589888,bankGWMUAA,80,200,400
1,transaction-service,L3XD,login,1716694973484,transaction-serviceDeyz,79,200,403
1,payment-GW,325m,register,1716694882437,payment-GWdlch,4,200,403
1,payment-GW,IMKS,login,1716695009216,payment-GWaSKj,93,200,401
1,payment-GW,ZOJ0,login,1716694848015,payment-GWVIH9,24,200,500
1,bankGW,5xZw,register,1716694843609,bankGWoEyT,49,200,401
1,bankGW,dzkc,login,1716694929637,bankGWg4Fq,74,200,401
1,payment-GW,6Oth,login,1716694638223,payment-GWMxEn,11,200,403
1,payment-GW,1U76,login,1716694751530,payment-GWthRe,79,200,400
1,transaction-service,UJ9U,register,1716694786465,transaction-servicejMZn,73,200,500
1,payment-GW,Pcdi,login,1716694892482,payment-GWuGHY,79,200,500
1,bankGW,syNS,login,1716694729604,bankGW6AbP,40,200,403
1,transaction-service,5Ej7,login,1716694666018,transaction-serviceRrtw,44,200,403
1,bankGW,vSiW,register,1716694640208,bankGWBz0x,68,200,403
1,payment-GW,VkUs,register,1716694984327,payment-GW5es9,23,200,401
1,bankGW,DrkO,login,1716694766353,bankGWvZIh,45,200,403
1,payment-GW,jBrN,register,1716694591025,payment-GWZ6DF,98,200,403
1,transaction-service,dAFm,login,1716694826810,transaction-servicervGQ,55,200,500
1,payment-GW,tTJJ,login,1716694600923,payment-GWUvLs,60,200,400
1,payment-GW,C6OC,register,1716694718827,payment-GW15Dd,45,200,403
1,transaction-service,tpN9,register,1716694967448,transaction-servicem9lY,7,200,403
1,payment-GW,Dp3L,register,1716694440207,payment-GWIZ5e,10,200,403
1,payment-GW,7DUx,register,1716694538231,payment-GWMkId,26,200,403
1,transaction-service,sAgO,login,1716694467788,transaction-servicegMEP,37,200,500
1,transaction-service,2Aji,login,1716694514924,transaction-servicetvAR,10,200,403
1,payment-GW,X40p,login,1716695003008,payment-GWZbXt,10,200,401
1,payment-GW,bvZs,login,1716695002970,payment-GWi6Ki,37,200,401
1,payment-GW,nErG,register,1716694746825,payment-GWMWoH,64,200,400
1,transaction-service,ql60,register,1716694942838,transaction-servicesHZI,57,200,403
1,bankGW,NpKc,login,1716694966482,bankGW5d5M,99,200,401
1,bankGW,YnHU,login,1716694565539,bankGWhpKb,78,200,403
1,bankGW,D7e3,register,1716694951899,bankGWL4Gv,25,200,500
1,payment-GW,cBd3,login,1716694922431,payment-GWloqj,10,200,400
1,transaction-service,0dz6,register,1716694790924,transaction-servicePTJU,29,200,500
1,bankGW,TSgg,login,1716694761220,bankGW4jHD,51,200,403
1,bankGW,zwbA,login,1716694421236,bankGWfkrE,84,200,403
1,transaction-service,4Uig,login,1716694675569,transaction-servicei4sF,89,200,500
1,bankGW,VqK6,register,1716694674310,bankGWGiD7,81,200,500
1,transaction-service,XxK7,login,1716694695129,transaction-servicendIA,2,200,500
1,transaction-service,H3eQ,login,1716694440386,transaction-servicemXSR,61,200,403
1,payment-GW,tc6X,register,1716694747422,payment-GW8shz,17,200,400
1,transaction-service,qG7z,register,1716694798290,transaction-servicelSjW,83,200,403
1,payment-GW,qXgT,register,1716694961055,payment-GWoi7v,20,200,400
1,bankGW,QUmP,register,1716694927306,bankGW56dn,71,200,400
1,payment-GW,tBD6,login,1716694637674,payment-GWHmti,10,200,403
1,transaction-service,3Gl2,register,1716694789137,transaction-servicecULh,46,200,400
1,payment-GW,GfAn,register,1716694512390,payment-GWjiLz,69,200,500
1,payment-GW,EHkP,register,1716694856873,payment-GWG1lD,51,200,500
1,payment-GW,kcHG,register,1716694532682,payment-GWOtEL,5,200,400
1,transaction-service,V6g6,register,1716694446171,transaction-servicekpnG,19,200,401
1,payment-GW,FdwN,register,1716694542700,payment-GWLv8G,22,200,400
1,payment-GW,czWY,register,1716694961712,payment-GWrMwB,50,200,500
1,transaction-service,jSPH,login,1716694921714,transaction-serviceShAU,77,200,401
1,transaction-service,jSGx,login,1716694576783,transaction-service9kc9,72,200,500
1,payment-GW,Ac4r,register,1716694618610,payment-GWD5qu,34,200,500
1,bankGW,nQI9,login,1716694609120,bankGWRsoT,46,200,500
1,payment-GW,8iTo,register,1716694722259,payment-GWDusG,62,200,401
1,transaction-service,vA2V,login,1716694510788,transaction-serviceTxiv,43,200,403
1,transaction-service,DM7Z,register,1716694517102,transaction-serviceO93h,38,200,403
1,bankGW,9b9r,login,1716694645199,bankGWQs4f,40,200,400
1,bankGW,aVlC,login,1716694445255,bankGWP2BH,41,200,500
1,bankGW,7RLJ,register,1716694444370,bankGWNR0W,97,200,500
1,bankGW,YLWj,register,1716694483589,bankGWpdGS,48,200,400
1,bankGW,YsKg,register,1716694938140,bankGWFLqR,84,200,400
1,bankGW,4eJ7,login,1716694973269,bankGWiVh7,98,200,401
1,payment-GW,H7wM,login,1716694699011,payment-GWf0fi,6,200,403
1,transaction-service,1901,login,1716695012514,transaction-serviceSzJa,97,200,401
1,transaction-service,LZCT,login,1716694948055,transaction-serviceJdXH,81,200,401
1,bankGW,FJHA,login,1716694884118,bankGWt3ct,65,200,400
1,bankGW,8xky,register,1716694990816,bankGW3YnY,50,200,400
1,payment-GW,IBqe,register,1716695010758,payment-GWUQu4,3,200,500
1,payment-GW,1Zcu,login,1716694549304,payment-GWaPTT,93,200,403
1,transaction-service,tAev,register,1716694557116,transaction-serviceKwXM,76,200,403
1,transaction-service,Ne5L,register,1716694801889,transaction-servicepyBI,42,200,400
1,bankGW,fiLH,login,1716694667909,bankGWd2FO,63,200,400
1,transaction-service,LbMT,login,1716694442175,transaction-service4Iyw,11,200,403
1,payment-GW,SzC2,login,1716694619640,payment-GWcq6l,1,200,403
1,payment-GW,BFSO,login,1716694717303,payment-GWmEVD,40,200,401
1,transaction-service,mDNo,login,1716694707863,transaction-serviceDhpZ,27,200,403
1,bankGW,iJJj,login,1716694915955,bankGWH5y6,65,200,500
1,payment-GW,IIWM,register,1716694554433,payment-GWKQqF,75,200,400
1,transaction-service,ET2u,register,1716694440703,transaction-serviceAOEz,85,200,500
1,payment-GW,dYFy,login,1716694842002,payment-GWWVNQ,23,200,401
1,payment-GW,vqXB,register,1716694935873,payment-GWtRW3,64,200,500
1,transaction-service,0Rsp,login,1716694667766,transaction-serviceVCty,24,200,500
1,transaction-service,zpnW,login,1716694570700,transaction-serviceceYY,71,200,403
1,payment-GW,vJto,login,1716694922043,payment-GWeJT1,18,200,401
1,bankGW,k2NS,login,1716694476343,bankGWebrf,36,200,403
1,bankGW,bEAD,register,1716694491563,bankGWGgZn,27,200,400
1,payment-GW,dhUj,register,1716694824916,payment-GWFRMT,52,200,400
1,payment-GW,Ikqr,register,1716694949186,payment-GWgPF8,9,200,403
1,bankGW,7AJR,login,1716694591073,bankGWXtzM,46,200,400
1,payment-GW,jfdB,login,1716694648518,payment-GWDUaM,69,200,403
1,bankGW,GXak,register,1716694449158,bankGWfAg7,93,200,400
1,transaction-service,e9B6,register,1716694774097,transaction-servicemmkd,78,200,401
1,bankGW,hTZg,login,1716694751758,bankGWUBFD,59,200,500
1,payment-GW,P2Xu,login,1716694790095,payment-GWNf5W,59,200,403
1,bankGW,jyvd,login,1716694523949,bankGWXH7v,60,200,401
1,transaction-service,cBIs,login,1716694447115,transaction-servicet8OV,5,200,500
1,bankGW,QEUx,login,1716694585831,bankGWWDKI,8,200,400
1,payment-GW,mykd,register,1716694586700,payment-GWeiPk,49,200,400
1,payment-GW,Btwh,login,1716694577925,payment-GW5FxV,4,200,400
1,payment-GW,g8oI,register,1716694696663,payment-GWWytc,48,200,403
1,transaction-service,XC9t,login,1716694880749,transaction-serviceJUCf,62,200,403
1,transaction-service,tHtu,register,1716694921872,transaction-service7o2O,18,200,401
1,payment-GW,V1YI,login,1716694489706,payment-GWS4dn,78,200,403
1,transaction-service,GYB5,register,1716694786914,transaction-serviceRnJX,97,200,403
1,payment-GW,8q5M,register,1716694621279,payment-GWrgcW,62,200,400
1,bankGW,ARaM,login,1716695009755,bankGWRjnH,28,200,500
1,bankGW,jUJo,register,1716694562272,bankGWy1az,84,200,500
1,payment-GW,ssj9,login,1716694815850,payment-GW1qr8,49,200,500
1,transaction-service,S1Bh,login,1716694442606,transaction-servicep6nw,40,200,403
1,bankGW,kve3,login,1716694708898,bankGWTSad,93,200,403
1,payment-GW,DR8j,register,1716694425927,payment-GW6cIW,75,200,401
1,transaction-service,zjOu,login,1716694601722,transaction-serviceSFJy,51,200,403
1,bankGW,sCBb,register,1716695003551,bankGWR9yS,94,200,500
1,bankGW,lnO5,register,1716694612083,bankGWCo0w,21,200,401
1,bankGW,TqQL,register,1716694449058,bankGWtAEh,29,200,401
1,payment-GW,pxhu,register,1716694782337,payment-GW8Bhs,63,200,401
1,payment-GW,AJSy,register,1716694423692,payment-GWrkHg,3,200,400
1,transaction-service,xSic,register,1716694956800,transaction-serviceMcnq,65,200,401
1,payment-GW,mTL7,register,1716694781199,payment-GWKBTO,49,200,500
1,bankGW,9rAn,login,1716694692739,bankGWzOZK,46,200,401
1,bankGW,UYcs,register,1716694809663,bankGWsays,2,200,500
1,transaction-service,Z5Da,register,1716694421440,transaction-serviceMYC9,16,200,500
1,payment-GW,ONAP,login,1716694671243,payment-GWYy66,39,200,500
1,bankGW,jisu,register,1716694944116,bankGW5S3w,37,200,401
1,bankGW,dIW4,register,1716694558766,bankGWgpIV,12,200,500
1,payment-GW,YzL3,login,1716694614201,payment-GW3Hnj,28,200,500
1,bankGW,FLE2,register,1716694527975,bankGWXzRA,34,200,500
1,bankGW,A7If,login,1716694549612,bankGWk8yb,37,200,500
1,payment-GW,DccB,register,1716694786847,payment-GWLlov,28,200,500
1,bankGW,Iznv,login,1716694932897,bankGWQGct,26,200,500
1,payment-GW,2JYZ,login,1716694718803,payment-GWMoA2,32,200,400
1,bankGW,GKOS,login,1716694612922,bankGWchZz,94,200,401
1,bankGW,u8Sc,register,1716694991392,bankGWAn0j,20,200,403
1,payment-GW,wfCe,register,1716694936040,payment-GWbtaN,49,200,401
1,transaction-service,u73w,register,1716694503243,transaction-servicenIwI,26,200,500
1,bankGW,R0vd,login,1716695009441,bankGW6BmD,44,200,401
1,transaction-service,knVP,login,1716694752423,transaction-serviceEHPf,4,200,500
1,bankGW,yyVp,login,1716694489310,bankGWmGut,21,200,500
1,bankGW,itP3,login,1716694744168,bankGWhBNH,56,200,403
1,transaction-service,3pLh,register,1716694879271,transaction-serviceNkmJ,34,200,400
1,transaction-service,csiD,login,1716694976338,transaction-service50PB,8,200,500
1,bankGW,DreW,login,1716694811895,bankGW6SSu,91,200,401
1,bankGW,uRH8,login,1716694522187,bankGWOFFx,99,200,500
1,payment-GW,uNMU,login,1716694729806,payment-GWbeFi,31,200,403
1,transaction-service,Kbpp,register,1716694438465,transaction-servicelst3,96,200,403
1,payment-GW,YwRs,login,1716694995825,payment-GWD4OL,92,200,500
1,bankGW,SBMe,login,1716694708909,bankGWdT0n,53,200,400
1,payment-GW,Fwrv,register,1716694525867,payment-GWPRPJ,2,200,400
1,payment-GW,rmfG,login,1716694819418,payment-GWXBe0,88,200,500
1,transaction-service,4jvz,login,1716694947612,transaction-serviceKa5V,47,200,401
1,payment-GW,sVR7,login,1716694576844,payment-GWySG8,84,200,401
1,transaction-service,4TZV,login,1716694864283,transaction-servicemiaQ,16,200,403
1,payment-GW,eQ93,login,1716694828896,payment-GWyiIW,25,200,403
1,bankGW,OOgu,login,1716694744895,bankGWSpBx,20,200,403
1,payment-GW,K3Sx,login,1716694825979,payment-GWQMtP,14,200,401
1,transaction-service,5Caf,login,1716694679768,transaction-serviceXqhT,31,200,403
1,transaction-service,3UjR,login,1716694771318,transaction-service83iz,67,200,400
1,payment-GW,ctbC,login,1716694877853,payment-GW03xz,57,200,500
1,payment-GW,g5Jn,login,1716694882380,payment-GWGYk8,44,200,401
1,transaction-service,vYCP,register,1716694428079,transaction-serviceND2b,93,200,403
1,payment-GW,AHNo,register,1716694759868,payment-GWTOMY,35,200,401
1,transaction-service,YrrN,login,1716694545693,transaction-servicenCAw,5,200,403
1,transaction-service,XUGY,login,1716694777315,transaction-serviceTNYX,89,200,403
1,transaction-service,fk1y,register,1716694591705,transaction-serviceABSF,11,200,400
1,payment-GW,MWCM,login,1716694752137,payment-GWZSSQ,43,200,500
1,transaction-service,wml5,register,1716694945933,transaction-serviceq4n6,9,200,401
1,payment-GW,Abp4,register,1716694693278,payment-GW4C0w,8,200,500
1,bankGW,bhLz,register,1716694916462,bankGWmU2u,88,200,401
1,transaction-service,5AYS,login,1716694828946,transaction-serviceHPeq,78,200,403
1,payment-GW,NAxM,register,1716694967245,payment-GWMLPv,90,200,401
1,transaction-service,VQ02,register,1716694898857,transaction-serviceVSTs,84,200,400
1,payment-GW,M31B,register,1716694507516,payment-GWvqxp,4,200,400
1,transaction-service,uPjl,login,1716694879516,transaction-serviceMGom,30,200,401
1,bankGW,mrzX,login,1716694758414,bankGWF8ZY,76,200,401
1,bankGW,1aRf,register,1716694818856,bankGWcxFp,28,200,400
1,bankGW,ecsp,login,1716694611132,bankGWodLa,71,200,400
1,transaction-service,8O4z,register,1716694905958,transaction-servicevpQV,30,200,401
1,transaction-service,fEc1,login,1716694694974,transaction-serviceHMVU,45,200,500
1,bankGW,q8EB,login,1716694563656,bankGWImsY,42,200,403
1,payment-GW,X5pF,login,1716694550633,payment-GWLpLS,20,200,400
1,bankGW,WojJ,login,1716694773854,bankGWqw3T,7,200,401
1,transaction-service,oTHc,login,1716695001485,transaction-serviceZSMG,29,200,400
1,payment-GW,iZBY,register,1716694825835,payment-GW5Epo,56,200,500
1,bankGW,px9i,register,1716694858040,bankGWcYa7,45,200,401
1,payment-GW,FHp1,register,1716694988035,payment-GWjSY8,22,200,403
1,transaction-service,xyeA,register,1716694654224,transaction-serviceG3rd,46,200,403
1,payment-GW,L2H6,login,1716694876916,payment-GWRv5O,19,200,500
1,transaction-service,8PmJ,login,1716694556777,transaction-serviceeRGf,1,200,401
1,transaction-service,q7Mu,register,1716694968931,transaction-service8N3c,52,200,500
1,transaction-service,aRRp,login,1716694839561,transaction-serviceGcFC,93,200,400
1,payment-GW,pwbB,register,1716694581753,payment-GW6Ir2,84,200,500
1,bankGW,5low,login,1716694532738,bankGWV4Sp,14,200,403
1,transaction-service,atvQ,register,1716694880120,transaction-servicePD5Z,7,200,403
1,payment-GW,zvdA,register,1716694485582,payment-GWBvYQ,11,200,400
1,bankGW,NrRU,register,1716694618321,bankGWD7AD,88,200,500
1,bankGW,bg2R,register,1716694769569,bankGW3f1d,61,200,403
1,bankGW,qaWG,login,1716694942631,bankGWnFvG,77,200,500
1,bankGW,ABaq,register,1716694985421,bankGWeidm,86,200,401
1,payment-GW,qB3Z,login,1716694487743,payment-GWjt8f,61,200,400
1,bankGW,K2nz,login,1716694854901,bankGWNQ05,61,200,500
1,payment-GW,pYAD,login,1716694617628,payment-GWHz5G,87,200,500
1,transaction-service,j4u7,login,1716694863603,transaction-servicebS4S,95,200,500
1,payment-GW,PBWN,register,1716694639423,payment-GWpPzC,45,200,400
1,transaction-service,9nBe,login,1716694755348,transaction-serviceoZEd,21,200,400
1,payment-GW,s38X,register,1716694521738,payment-GWuhLh,64,200,403
1,bankGW,QYBD,login,1716694947058,bankGWZQkp,5,200,401
1,payment-GW,bEdx,login,1716694437755,payment-GWL5C8,61,200,401
1,payment-GW,sUhV,login,1716694426478,payment-GWisqd,35,200,403
1,bankGW,Q56K,login,1716694818313,bankGWlGqU,27,200,500
1,payment-GW,Sccc,login,1716694458534,payment-GWQyLm,58,200,400
1,bankGW,Zu71,login,1716694672849,bankGWABD1,73,200,500
1,transaction-service,NEOP,register,1716694705573,transaction-serviceMPzI,5,200,403
1,bankGW,x8Cr,login,1716694895700,bankGW8vEv,85,200,401
1,payment-GW,X6a5,register,1716694849249,payment-GWSrjB,32,200,401
1,transaction-service,nvHF,login,1716695003847,transaction-servicegvAp,88,200,403
1,transaction-service,4Ouj,login,1716694952199,transaction-service0gn8,42,200,500
1,bankGW,5bdQ,register,1716694586021,bankGWsfaa,82,200,500
1,payment-GW,cY6Q,register,1716694431745,payment-GWSATP,87,200,401
1,bankGW,5B83,login,1716694943442,bankGWNKtB,79,200,400
1,bankGW,BEIy,login,1716694994134,bankGWafZ2,12,200,403
1,transaction-service,toRt,register,1716694743283,transaction-serviceV33H,98,200,500
1,payment-GW,Gi9P,login,1716694875147,payment-GWH8eS,80,200,403
1,bankGW,X1QY,login,1716694843148,bankGWL3VT,62,200,403
1,transaction-service,02ij,login,1716694597969,transaction-serviceEtzX,40,200,500
1,transaction-service,iW6V,login,1716694870867,transaction-servicegzfM,13,200,403
1,bankGW,6FID,login,1716694622082,bankGW60AK,53,200,400
1,transaction-service,jc8a,register,1716694564349,transaction-service1f0N,8,200,500
1,transaction-service,dhlq,register,1716694669247,transaction-servicelnku,74,200,400
1,payment-GW,2Mn1,register,1716694454006,payment-GW8mVr,12,200,401
1,bankGW,3En1,register,1716694446645,bankGWSrPO,64,200,403
1,bankGW,U9He,register,1716694774476,bankGWkMpu,24,200,400
1,transaction-service,Pwxt,login,1716694631141,transaction-serviceDoSj,27,200,500
1,bankGW,aGcL,register,1716694699203,bankGWId7T,37,200,401
1,payment-GW,W8AY,login,1716694448287,payment-GWFuWd,17,200,403
1,payment-GW,NEij,register,1716694425482,payment-GW1q0W,86,200,400
1,bankGW,fiw5,register,1716694886623,bankGWhfvL,73,200,401
1,transaction-service,3yua,register,1716694738904,transaction-service9GEz,7,200,401
1,transaction-service,8kNu,register,1716694613297,transaction-servicew8s9,20,200,403
1,payment-GW,wAQ2,login,1716694581666,payment-GWq1tV,59,200,403
1,transaction-service,UK54,register,1716694558548,transaction-service4bZE,36,200,401
1,payment-GW,cMps,register,1716694888873,payment-GWMbP0,73,200,403
1,payment-GW,nHME,login,1716694530424,payment-GW4Eog,52,200,400
1,transaction-service,DnQL,register,1716694802853,transaction-serviceWUBD,72,200,400
1,payment-GW,fAst,register,1716694577423,payment-GW0YSY,91,200,403
1,bankGW,9JWv,register,1716694538489,bankGWjtz4,38,200,401
1,transaction-service,Be2z,login,1716694526430,transaction-serviceHGjg,91,200,403
1,transaction-service,DqFN,login,1716695002555,transaction-serviceAZus,39,200,403
1,transaction-service,OTaS,login,1716694461424,transaction-servicerMjO,78,200,400
1,bankGW,vuF3,register,1716694923967,bankGWHhwg,39,200,401
1,bankGW,SL5B,register,1716694601882,bankGW8TMF,13,200,401
1,bankGW,cDff,login,1716694787503,bankGWyeqQ,54,200,403
1,transaction-service,TRcc,register,1716694617862,transaction-servicec6t8,27,200,403
1,bankGW,l97x,register,1716694601501,bankGW3kvL,71,200,401
1,bankGW,jxLX,register,1716695006697,bankGWcMiK,48,200,400
1,bankGW,tb1q,register,1716694648348,bankGWmYIt,66,200,500
1,transaction-service,SjLw,register,1716694869638,transaction-serviceLbvE,57,200,403
1,bankGW,ySIm,login,1716694661892,bankGWxzzz,89,200,400
1,bankGW,MCN0,register,1716694746945,bankGW32vf,69,200,400
1,transaction-service,vD3A,login,1716694975742,transaction-servicenaST,69,200,500
1,bankGW,izLE,register,1716694448860,bankGWdB0s,78,200,403
1,transaction-service,RnWG,login,1716694627247,transaction-service1pYv,62,200,400
1,transaction-service,mkGg,login,1716694807566,transaction-servicegmXo,7,200,403
1,transaction-service,NtzL,login,1716694593503,transaction-service5QrA,67,200,400
1,transaction-service,HHtS,register,1716694661604,transaction-serviceVr5e,58,200,500
1,payment-GW,OfsE,register,1716694997504,payment-GWZbbp,16,200,400
1,bankGW,HNgU,login,1716694751769,bankGWwwxm,9,200,400
1,transaction-service,PS8w,register,1716694911715,transaction-serviceNN4c,62,200,500
1,payment-GW,4gAd,login,1716694997316,payment-GWSoIe,88,200,400
1,transaction-service,wHHI,register,1716694741505,transaction-serviceJd7k,48,200,500
1,bankGW,sbZr,login,1716694973077,bankGWiFNJ,37,200,500
1,bankGW,niP3,login,1716694553141,bankGWFfG7,56,200,500
1,bankGW,CSsQ,register,1716694546966,bankGWY6j1,26,200,500
1,payment-GW,7X0m,login,1716694659454,payment-GWjKz9,97,200,403
1,bankGW,0OhL,register,1716694866043,bankGWr3b8,16,200,500
1,bankGW,1AWq,login,1716694643869,bankGWo86s,96,200,403
1,transaction-service,PthT,login,1716694775949,transaction-serviceTxa1,84,200,400
1,transaction-service,z2cb,register,1716694929992,transaction-serviceWV3P,48,200,500
1,bankGW,bjbk,register,1716694637846,bankGWU31e,92,200,400
1,transaction-service,cWTy,login,1716694971620,transaction-servicehlsg,88,200,400
1,transaction-service,kttn,register,1716694973666,transaction-servicelpx6,73,200,400
1,bankGW,DX2H,register,1716694438351,bankGW5DBb,43,200,500
1,payment-GW,DFzf,login,1716694612905,payment-GWZX4t,64,200,400
1,payment-GW,VaJ2,register,1716694450152,payment-GWbHVr,80,200,403
1,bankGW,H523,login,1716694598762,bankGWrdRz,17,200,401
1,payment-GW,GLjp,login,1716694927649,payment-GWiCxr,58,200,403
1,bankGW,LzuX,login,1716694687349,bankGW2k2r,35,200,403
1,bankGW,DTEz,login,1716694887432,bankGWvAi4,57,200,401
1,transaction-service,2gEn,login,1716694890383,transaction-service8YAG,70,200,400
1,transaction-service,NVDR,register,1716694932171,transaction-service7Txn,67,200,500
1,bankGW,5Rdt,login,1716694545755,bankGW9yYm,19,200,403
1,bankGW,RgBI,register,1716694581683,bankGWRBbr,29,200,500
1,transaction-service,YgOk,login,1716694613223,transaction-service14IX,29,200,500
1,transaction-service,KduI,register,1716694534417,transaction-servicezpd5,2,200,400
1,transaction-service,cI4c,register,1716694456294,transaction-servicew2wD,65,200,400
1,transaction-service,a8Jw,register,1716694744213,transaction-serviceiTXR,91,200,401
1,bankGW,KKv7,register,1716694718499,bankGWCBl8,95,200,500
1,payment-GW,Mf0u,login,1716694695697,payment-GWLtjt,7,200,401
1,bankGW,yQth,login,1716694436785,bankGWCySZ,46,200,403
